sector,NUser,NClick/万,CPC,Revenue/万,sector-name,subsector-names,words
5101,1097,3,327,1230,安保服务,保安护卫-安保服务综合,保安公司-北京保安公司-上海保安公司-保安-保镖公司-苏州保安公司-北京保安-上海保安-东莞保安公司-保镖
5102,6059,13,337,4549,安保器材,安检设备-防暴设备-警用设备-防身用品-管制刀具-枪支弹药-安保器材综合,电击棍-金属探测器-安检门-防身器材-金属探测仪-洗眼器-地下金属探测器-电击棒-防爆门-防爆摄像机
5103,902,1,401,481,安全防伪,防伪包装材料-防伪查询服务-安全防伪综合,防伪标签-防伪-二维码防伪-防伪标识-防窜货-防伪标志-防伪商标-防伪标-激光防伪标签-防伪印刷
5104,22493,66,270,18219,防盗报警,防盗设备-报警设备-监控设备-门禁设备-身份证识别设备-楼宇对讲系统-停车场管理系统-通道系统-边坡防护-防盗报警综合,防盗门-立体车库-门禁系统-电子围栏-道闸-石笼网-监控摄像头-手机管家流量监控-门禁-监控安装
5105,14037,26,323,8713,交通消防,防汛器材-救生器材-防护器材-交通警示设施-消防工程-交通消防综合,岗亭-防辐射服-消防器材-灭火器-遮阳棚-交通设施-减速带-消防泵-防毒面具-消防工程
5106,3248,6,317,2095,智能楼宇,智能楼宇-智能楼宇综合,智能家居-智能家居系统-弱电工程-智能手环-智能家居品牌-智能滑行器-智能家居产品-家居智能-智能家居加盟-智能家电
5201,14030,46,243,11538,办公设备,办公通讯设备-办公文件设备-办公投影设备-办公展示设备-办公考勤设备-办公设备耗材-办公设备综合,3d打印机-打印机-投影仪-投影机-复印机租赁-条码打印机-切纸机-标签打印机-指纹考勤机-考勤机
5202,10249,19,263,5264,教具,少儿教具-展示教具-书写教具-艺教用品-生医教具-多媒体设备-教学模型-实验仪器-职教器材-教具综合,电子天平-实验室设备-声测管-建筑模型-黑板-地图-沙盘模型-上海精密科学仪器有限公司-天平保险-白板
5203,9326,21,176,3809,文具,文件装整-办公本薄-办公用纸-书写用品-桌面用品-财务用品-文具综合,圆珠笔加工-文件柜-档案柜-购车费用计算器-铁皮柜-橡皮艇-档案盒-贴贴瘦-房贷计算器-龙布峰针贴
5301,220,37,76,3003,彩票,体彩-福彩-彩票综合,双色球-体育彩票-大乐透-彩票双色球-乐彩网-福利彩票-竞彩网-双色球走势图-体彩-中国福利彩票
5401,14764,128,214,27836,物流,专线物流-公路运输-铁路运输-水路运输-航空运输-国内快递-国际快递-物件运输-仓储配送-搬运装卸-冷藏物流-宠物托运-综合服务型物流-物流网-物流综合,家具-物流公司-苏宁-国际快递-12306铁路客户服务中心-东方航空-轿车托运-北京物流公司-dhl-联邦波尔美
5402,34286,973,127,124054,车辆,客车-货车-电车-挂车-牵引汽车-专用汽车-轿车-摩托车-电动车-三轮车-自行车-畜力车-二手车-汽车配件-汽车用品-汽修汽保-违章查询-汽车网站-车辆综合,二手车-二手车交易市场-风云-别克-电子狗-suv-汽车-汽车报价-路虎-奔驰
5403,149,0,168,17,火车,火车-火车综合,采样机-欧洲之星-欧铁通票-卸煤机-西安火车站-eurail pass-自动采样机-swiss pass-南京火车站-eurail
5404,1013,1,292,298,船舶,客船-货船-工程船-特种船-船舶综合,游艇码头-挖泥船-游艇价格-淘金船-绞吸式挖泥船-采沙船-采砂船-采金船-游艇报价-清淤机械
5405,69,0,127,79,飞机,商用客机-私人飞机-飞机综合,私人飞机-直升机-包机-公务机-私人飞机价格-小型私人飞机-六旋翼飞行器-私人飞机报价-包机价格-伯南克讲话
5501,7121,139,140,19352,成人用品,两性保健品-情趣内衣-调情用品-充气娃娃-测孕避孕用品-成人用品商城-成人用品综合,成人用品-充气娃娃-延时喷剂-万力可-情趣用品-壮阳-缩阴-美国强根-英国卫裤-补肾壮阳
5601,33321,325,135,44456,出版印刷,丝网印刷-印花印刷-水转印-磁卡印刷-条码标签印刷-印刷品印刷服务-光盘制作-音像制品-出版发行-图书-报刊杂志-投稿约稿-出版印刷综合,亚马逊网上书店-论文发表-当当网上书店-发表论文-印刷厂-银行卡-电子书-印刷-火影忍者-免费小说
5602,2535,6,304,2013,影视传媒,影视制作-录音配音-影视传媒综合,视频制作-影视后期制作-配音-影视制作-影视公司-录音棚-影视制作公司-配音网-微电影制作-建筑动画
5603,829,4,107,476,广播有线电视,广播电台传媒-广播电视传输服务-广播有线电视综合,天威宽带-华数宽带-企业宽带-深圳宽带-移动宽带-上海企业宽带-有线通-深圳天威宽带-上海宽带-杭州华数宽带
5701,9045,345,117,39875,电脑整机,服务器-台式机-笔记本电脑-平板电脑-功能终端-电脑整机综合,平板电脑-苹果官网-笔记本电脑-苹果5s-笔记本-笔记本电脑排名-苹果4s-苹果-平板电脑排行榜-苹果5
5702,9757,80,113,9088,电脑配件,机箱机柜-主板-CPU-显卡-内存-电源-光驱-声卡-网卡-输出设备-输入设备-散热设备-电脑零配件-移动存储-电脑配件综合,华为p6-华为商城-操作台-华为荣耀3c-机柜-图腾机柜-二维码扫描-三维扫描仪-移动硬盘-华为p7
5703,2376,37,94,3492,网络设备,交换机-路由器-网络存储设备-网络设备综合,网盘-云盘-荣耀3华为-无线路由器-路由器-kvm切换器-无线ap-交换机-cisco-华为交换机
5704,3626,22,237,5340,电脑服务,电脑维修-数据恢复-电脑清洗-电脑租赁-电脑服务综合,硬盘数据恢复-电脑维修-打印机维修-苹果维修-电脑租赁-笔记本维修-联想电脑-复印机维修-dell官方网站-系统重装
5801,26492,83,233,19588,电子元器件,磁性元件-机电元件-阻容元件-频率元件-开关元件-分立器件-光电器件-保险元器件-电声配件与器件-光电与显示器件-电感器-互感器-继电器-功率放大器-晶体管-电子管-电子五金件-电热元件-电子专用材料-电子材料-电子元器件综合,led显示屏-三星s5-液晶拼接-磁铁-led显示屏价格-led-电子白板-微盟-连接器-贴片机
5802,11869,21,292,6441,电机设备,变速电机-步进电机-伺服电机-直流电机-交流电机-特殊电机-电动机-发电机整形机-起动马达设备-换向机-插纸机-电机配件-电机保护产品-电机设备综合,变频器-abb变频器-变频器维修-振动电机-步进电机-气动马达-避雷针-电机维修-液压马达-abb电机
5803,12761,25,363,9455,电线电缆,电线电缆-电缆设备配件-光纤光缆-光纤缆设备配件-测试施工-电线电缆综合,电缆桥架-电线电缆-桥架-铝合金电缆-光纤熔接机-母线槽-电缆-电力电缆-电伴热带-电伴热
5804,14458,63,293,19039,供电设备,电源-电池-发电机-充电设备-电流电压设备-插头插座-供电设备综合,发电机-发电机组-太阳能发电-柴油发电机-柴油发电机组-发电机价格-ups电源-移动电源-变压器-稳压器
5805,11843,45,273,12525,照明设备,室内灯具-室外灯具-指示灯具-专用灯具-车灯-电光源-照明工程-光控设备-照明产品专用材料-照明设备元器件-照明电器附件-照明设备综合,太阳能路灯-路灯-led灯-灯饰-灯饰批发-led路灯-最无极-庭院灯-手电筒-灯饰品牌
5806,32837,109,372,41299,仪器仪表,工控仪表-压力仪表-记录仪器-传感器-电子衡器-光学仪器-测试分析仪器-拦截干扰仪器-车辆检测仪器-环保检测仪器-通讯检测仪器-生命科学仪器-医药专用仪器-石油专用仪器-煤炭专用仪器-橡塑专用仪器-植物生理生态仪器-农产品质检仪器-纺织专用仪器-包装专用仪器-仪器配件-仪器仪表综合,地磅-电子秤-触摸屏-臭氧发生器-压力传感器-流量计-光谱仪-显微镜-电子地磅-电磁流量计
5901,25577,98,212,21218,建筑工程,城市基建-公路建设-桥梁建设-铁路建设-隧道建设-矿山工程-发电工程-水利工程-水上工程-房建工程-保温工程-场馆建设-加固改造-防腐防潮-防水堵漏-景观绿化-膜结构活动房-建筑工程综合,活动房-活动板房-阳光房-车棚-帐篷-景观设计-建筑设计-加固公司-膜结构车棚-彩钢房
5902,18291,507,119,62044,房屋租售,写字楼买卖-别墅买卖-新房买卖-二手房买卖-地下室买卖-政策性购房-旅游房产买卖-海外房产买卖-墓地陵园-验房监理-房产评估-写字楼出租-别墅出租-寓所出租-地下室出租-租用转让-房产网-房屋租售综合,租房-二手房-租房网-北京二手房-上海租房-北京租房-58同城网-赶集网-搜房网-上海二手房
5903,1384,1,199,315,物业管理,物业管理-物业管理综合,物业管理-物业管理系统-广州后勤医院正规吗-物业公司-物业管理公司-广州后勤医院评价-物业保洁-沈阳物业公司-小区物业管理系统-苏州物业公司
5904,14817,162,308,51007,装修服务,家庭装修-别墅装修-商务装修-办公装修-装修设计-装修服务综合,装修-装修公司-装修网-装修效果图-装修设计-装修效果图大全2013图片-办公室装修-装饰公司-室内装修-别墅装修
5905,61026,267,319,87418,建筑装修材料,添加剂-胶粘剂-石灰石膏-水泥-混凝土-砂浆-吊顶-地板-瓷砖-玻璃-壁纸-软包材料-锁具-门窗-幕墙-隔断-卫浴-护栏-壁炉-建筑贴膜-砖瓦-楼梯-变形缝-隔音材料-保温材料-耐火材料-防水防腐材料-型材板材-管材管件-轨道材料-建筑装修材料综合,环氧地坪-黑暗之光-集成吊顶-防腐木-防火门-塑胶地板-壁纸-手机壁纸-玻璃钢化粪池-阳光板
6001,7047,398,107,42903,网上商城,网上商城-网上商城综合,淘宝网-淘宝商城-京东商城-京东-女神联盟-国美电器网上商城-亚马逊-苏宁易购-唯品会-家具网上商城
6002,600,18,116,2178,导购网站,导购网站-导购网站综合,返利网 淘宝-返利网-返利网首页-卷皮网-返利-返利邦-返利网哪个最好-返利网 淘-米折-淘粉吧返利网首页
6003,6215,431,96,42230,团购网站,团购网站-团购网站综合,团购-团购网-天猫-阿里巴巴-团购网站大全-快播-美团网-yamaxun-一号店-美团
6004,4927,53,72,3806,社交平台,社区论坛-社交平台综合,手机qq2013-qq音乐-qq空间-微博-微信官方版下载-装修论坛-lol官网-新浪微博注册-下载qq2013-新浪微博
6005,339,2,62,116,分类服务平台,分类服务平台-分类服务平台综合,qq-qq2012-网易宝-二手机械设备-中国机械设备网-网易新闻-惠惠网-123网址之家-新浪乐居-搜狐焦点
6006,1898,52,52,2641,生活服务网站,生活服务网站-生活服务网站综合,大众点评网-大众点评-大众点评网 上海-网上工作-学习网-简单学习网-点评-健康网-点评网-网上赚钱的工作
6007,3850,89,84,6734,休闲娱乐网站,娱乐休闲网站-休闲娱乐网站综合,12306-妖精的尾巴-优酷-360-视频-美女图片-乐视-优酷视频-lol-美女
6101,16487,443,115,51717,服装,女装-男装-童装-内衣-家居服-保暖装-休闲装-运动装-服装加工定做-服装租赁-服装配件-服装道具-服装网站-服装综合,服装批发-内衣品牌-女装批发-阿里巴巴批发-童装批发市场-工作服-af-童装批发-服装批发市场-内衣品牌排行榜
6102,5734,157,101,16127,鞋帽,鞋-袜-帽-手套-鞋帽综合,好乐买-乐峰官网-老北京布鞋-阿里巴巴批发网-new balance-鞋子-运动鞋-买鞋子哪个网站好-nike官网-鞋
6103,8607,25,162,4081,纺织原料,拉链纽扣-纱线缝纫线-织带-花边-纺织品原料-皮革原料-印染原料-纺织原料综合,无纺布-帆布-衣服被染色了怎么办-魔术贴-蚕丝被-数码印花-篷布-皮草外套新款-毛毡-羊毛毡
6201,7304,100,127,12796,箱包,旅行箱包-电脑公文包-休闲包-学生包-球包-工具包-箱包附件-生活用袋-箱包店-箱包综合,9.9包邮-无纺布袋-lv-手提袋-编织袋-环保袋-普拉达-拉杆箱-burberry 官网-名牌包包
6202,12185,268,136,36114,饰品,金银珠宝-眼镜-手表-小饰品-饰品综合,手表-手表品牌排行榜-钻戒-瑞士手表-火车时刻表-隐形眼镜-眼镜-名表-浪琴-浪琴手表
6301,9336,25,359,9459,涂料,木器涂料-建筑涂料-汽车涂料-轻工涂料-重工涂料-特种涂料-涂料辅料-涂料综合,硅藻泥-地坪漆-真石漆-防火涂料-环氧地坪漆-防水涂料-乳胶漆-氟碳漆-硅藻泥价格-硅藻泥品牌
6302,37432,104,268,28378,化工原料,无机化工原料-有机化工原料-医药中间体-消毒剂-食品添加剂-生物化学试剂-化学药剂助剂-化工纤维-染料-油品-普通化学品-毒害化学品-腐蚀化学品-爆炸化学品-燃烧、助燃化学品-磁性材料-陶瓷材料-土木合成材料-橡胶辅料-塑料助剂-润滑剂-冶炼助剂-化工原料综合,土工布-活性炭-排水板-润滑油-导热油-聚丙烯酰胺-土工格栅-玻璃棉-石英砂-玻璃钢
6303,11043,33,270,9108,橡胶,橡胶原料-合成橡胶-轮胎制品-工业用橡胶制品-医用橡胶制品-日用橡胶制品-橡胶综合,彩装膜-轮胎-玻璃贴膜-胶带-保护膜-轮胎品牌-橡胶止水带-密封条-轮胎排名-脚轮
6304,17947,28,264,7705,塑料,工程塑料-通用塑料-塑料制品-塑料综合,塑料托盘-土工膜-pp助手-珍珠棉-环氧树脂-ppr管-塑料模具-亚克力-塑料瓶-防渗膜
6305,7323,13,277,3692,能源,原煤-石油-天然气-电力能源-沥青-能源综合,自然美化脂酵素-生物醇油-醇基燃料-甲醇汽油-生物柴油-彩色沥青-北京燃气公司-柴油-自然美化脂酵素官网-润滑脂
6306,970,0,294,184,冶金,电镀用化工原料-电泳用化工原料-冶金用包芯线-冶金注料-冶金综合,粉末冶金-电泳漆-硅微粉-电泳-铝矾土-脱脂剂-电刷镀-包芯线-多晶莫来石纤维-莫来石
6307,16271,29,315,9445,包装材料,纸包装材料-塑料泡沫包装材料-玻璃包装材料-竹木包装材料-金属包装材料-防静电包装材料-绳带包装材料-包装辅助材料-包装材料综合,塑料袋-包装盒-纸箱-塑料桶-托盘-包装袋-木托盘-打包带-纸箱厂-包装箱
6401,29545,71,573,41588,通用机械设备,泵类-锅炉-内燃机-试验机-制冷设备-电热设备-粉碎设备-干燥设备-压缩分离设备-输送给料设备-变速设备-润滑设备-通用机械设备综合,激光切割机-空压机-冷却塔-破碎机-锅炉-烘干机-球磨机-燃气锅炉-真空泵-计量泵
6402,19627,47,383,18240,通用零配件,轴承-弹簧-阀类-紧固件-密封件-传动件-液气压元件-通用零配件综合,电磁阀-液压机-skf轴承-联轴器-nsk轴承-轴承-电动推杆-电动调节阀-直线导轨-阀门
6403,19915,58,433,25661,建筑工程机械,电梯设备-工程起重机械-破碎设备-钢筋混凝土机械-路面施工机械-制砖瓦机械-土方机械-桩工机械-桥梁机械-水利机械-隧道机械-消防机械-建筑工程机械综合,升降机-不锈钢水箱-微信公众平台-起重机-二手挖掘机-电动葫芦-传菜电梯-电梯-砖机-挖掘机
6404,7502,8,463,3814,勘探机械,油气勘探设备-矿产勘探设备-沙石机械-勘探仪器-勘探机械综合,磁选机-钻机-洗煤设备-洗砂机-洗沙机-水井钻机-煤泥烘干机-钻井机-抽沙船-潜孔钻机
6405,18605,27,523,14392,化工机械,加热传热设备-温控设备-传质设备-灭菌设备-反应设备-混合设备-过滤设备-分离设备-成型设备-化工粉碎设备-辅助设备-过滤材料-化工储运设备-石油加工设备-日化用品机械-化工机械综合,板式换热器-压滤机-反应釜-过滤器-散热器-滤油机-高低温试验箱-蒸发器-恒温恒湿试验箱-混合机
6406,8148,12,400,5212,木材石材加工机械,封边机械-覆面机械-砂光机械-涂装机械-制板机械-木工车床-木工刨床-木工铣床-木工钻床-木工开榫机-木工锯切设备-木材粉碎烘干设备-石材加工机械-木材石材加工机械综合,木炭机-木工雕刻机-涂装设备-喷涂设备-喷漆房-切割机-毛刷-接木机-喷涂机-石材雕刻机
6407,4704,7,298,2303,印刷机械,印前制版设备-印刷机械设备-印后加工设备-印刷机械综合,写真机-喷绘机-装订机-胶装机-丝印机-烫金机-刻字机-热转印机-绘图仪-复合机
6408,6558,8,308,2731,模具,模具机械-模具标准件-模具生产-模具协助加工-模具材料-模具综合,石膏线模具-罗马柱模具-热流道-模具-折弯机模具-注塑模具-路沿石模具-tpo模考软件-模具加工-机加工
6409,21638,111,286,32459,食品机械,食品清洗设备-食品粉碎设备-食品搅拌设备-生化与发酵设备-水处理设备-热交换设备-食品浓缩设备-食品干燥设备-食品分离设备-食品杀菌设备-食品净化设备-食品灌装设备-食品烘焙设备-食品包装设备-保鲜冷藏设备-食品储运设备-炊事设备-油炸设备-粮食加工设备-米面设备-方便食品设备-屠宰设备-肉类加工设备-果蔬设备-食用油加工设备-调味品设备-豆制品设备-乳品设备-酿酒设备-烟草设备-休闲食品设备-糖果设备-冷饮设备-食品机械综合,净水器-榨油机-净水器排名-冷库-包子机-小吃车-污水处理设备-厨房设备-冰淇淋机-凉皮机
6410,10293,40,270,11300,农林机械,农业机械-林业机械-畜牧养殖机械-渔业机械-副业机械-农林机械综合,金蟾捕鱼-千炮捕鱼-孵化机-李逵劈鱼-温室大棚-捕鱼器-捕鱼机-蔬菜大棚-1000炮捕鱼-塑料检查井
6411,3821,5,302,1648,纸制造加工设备,备料设备-纸浆设备-造纸设备-纸加工设备-造纸环保设备-造纸用仪表-纸浆泵-纸制造加工设备综合,模切机-切管机-分切机-压管机-无纺布制袋机-纸管机-纸箱机械-卫生纸加工设备-湿纸巾加工厂-复卷机
6412,5128,8,239,2157,制鞋纺织机械,纺织原料预处理设备-染整机械-织造设备-针织机械-化纤机械-无纺设备-纺织配件-制鞋机械-皮革加工机械-制鞋纺织机械综合,大棚骨架-绗缝机-大棚保温被-大棚建设-弹花机-电脑绗缝机-裁断机-冲孔机-数码印花机-缝纫机
6413,9361,24,360,9066,商业设备,货架展柜-商场设备-售货设备-金融设备-商业设备综合,pos机-自动售水机-超市货架-保险柜-展柜-展示柜-自动售货机-条码扫描器-广州货架-深圳货架
6414,9779,18,545,10119,包装机械,包装机-充填灌装机械-封口封箱机械-捆扎缠绕机械-贴标打码设备-包装热熔机械-包装辅助设备-包装机械综合,喷码机-激光打标机-打包机-真空包装机-包装机-贴标机-灌装机-打码机-打标机-封口机
6415,4231,10,230,2352,制药设备,原料药设备-药用粉碎机械-饮片机械-制剂机械-制药用水设备-药品包装机械-药物检测设备-制药辅助设备-制药设备综合,中药粉碎机-煎药机-替吉奥胶囊-一氧化氮胶囊-美国强根胶囊-七鞭回春乐胶囊-黄精赞育胶囊-盐酸氨基葡萄糖胶囊-复方玄驹胶囊-玛卡胶囊
6416,11742,16,479,8073,冶炼铸造设备,选矿设备-矿业输送设备-冶炼设备-铸造热处理设备-电镀设备-电泳设备-金属成型设备-冶炼铸造设备综合,弯管机-振动筛-除铁器-石灰窑-11选5-焚烧炉-煤气发生炉-马弗炉-电磁除铁器-精密铸造
6417,14995,35,377,13632,机床机械,普通机床-冲压机床-数控机床-螺纹加工机床-特种机床-刀磨机械-雕刻机-刀具夹具-机床附件-机床机械综合,雕刻机-剪板机-折弯机-激光雕刻机-卷板机-数控车床-冲床-等离子切割机-数控冲床-电磁吸盘
6418,25997,45,218,10182,五金工具,日用工具-通用五金件-建筑五金-水暖卫浴五金-农用匠作工具-电动气动工具-五金尼龙制品-磨具-磨料-量具-五金工具综合,液压扳手-电动滚筒-铸铁平台-胶体磨-磁力钻-滚筒-自动锁螺丝机-电动工具-不锈钢螺丝-刷机工具
6419,13688,20,547,11511,物流设备,仓储货架-仓库-立体自动仓库-集装设备-分拣设备-拣选系统-工位整理设施-工业搬运车辆-人力搬运车辆-立体停车场-升降台-物流容器-物流周边设备-物流设备综合,货架-叉车-升降平台-电动叉车-独轮车-液压升降平台-集装箱活动房-工作台-高空作业平台-集装箱
6420,27777,48,475,23435,清洁通风设备,清洗设备-高空作业设备-表面处理设备-工业除尘设备-工业洗衣设备-扫雪设备-空调设备-风机-风口-通风设备阀-通风设备配件-通风管道-防静电设备-清洁通风设备综合,中央空调-超声波清洗机-扫地机-洗地机-喷砂机-洗车设备-抛丸机-暖气片-扫地车-轴流风机
6421,2223,2,418,1244,焊接材料设备,焊接材料-焊接设备-焊接材料设备综合,点焊机-回流焊-超声波焊接机-焊接机-熔接机-热压机-电焊机-冷焊机-热熔机-铆接机
6422,9026,13,419,5464,玻璃橡塑设备,塑料机械-橡胶机械-玻璃陶瓷机械-玻璃橡塑设备综合,机械手-注塑机-颗粒机-吸塑机-吹瓶机-eps线条-吹膜机-塑料造粒机-送料机-木塑地板
6423,32486,74,388,29415,金属材料,不锈钢材-钢铁钢材-钢坯-金属板材-金属管材-型材-铁合金-有色金属合金-涂镀产品-钢架材料-铝类-铜类-贵金属材料-稀有金属-基本金属-废金属-金属筛网-金属材料综合,贵金属-钢结构-铝型材-不锈钢管-无缝钢管-脚手架-不锈钢板-304不锈钢板-旗杆-铝单板
6424,8679,11,458,5541,电子产品制造设备,电子元件成型设备-电子产品制造设备-铆接熔接设备-绕线剥线设备-线缆生产设备-点胶设备-邦定机-自动化及传动装置-电子产品制造设备综合,激光焊接机-点胶机-母线加工机-剥线机-焊接机器人-倒角机-拉丝机-钢管调直机-绕线机-自动焊锡机
6501,18030,143,245,35836,家具,家用床具-床垫-家用坐具-家用桌类-家用柜架-儿童家具-户外家具-特制柜具-办公文教业家具-桑拿美容业家具-餐饮娱乐业家具-酒店业家具-影楼家具-中式家具-外国风格家具-家具配件-家具生产销售店-家具出租-家具综合,办公家具-实木家具-橱柜-沙发-整体橱柜-衣柜-红木家具-整体衣柜-家具网-火锅桌
6502,6368,37,180,6808,家纺家饰,地毯-生活布艺-床上用品-窗帘百叶-钟表-居家饰品-家纺家饰综合,窗帘-地毯-家居饰品-布艺沙发-电动窗帘-创意家居-床上用品-北京家具-窗帘布艺-窗帘品牌
6503,4104,25,145,3853,厨具餐具,餐具厨具-刀具-杯壶与保温容器-厨房用纺织品-厨具餐具综合,世界杯竞猜-紫砂壶-纸杯-世界杯-保温杯-茶具-一品布衣汤烤锅王-一次性餐具-厨具-密胺餐具
6504,7748,54,167,8981,日化用品,清扫工具-盆桶-毛巾浴巾-口腔清洁-清洁日化-湿巾纸品-晾衣架-收纳用品-雨具阳伞-烟花爆竹-除虫用品-酒店用品-百货超市-日化用品综合,海娜花-海娜花染发剂怎么样-头发怎么长得快-遮阳伞-阿里批发-头发干枯毛躁怎么办-洗澡机-晾衣架-海娜花染发剂-太阳伞
6601,15571,153,161,25214,大型家电,冰箱-空调-电视-家庭影院-音响器材-洗衣机-大型家电综合,空调-电视剧-格力空调-大金空调-液晶电视-家用中央空调-4k电视-洗衣机-电视-空调移机
6602,5372,44,194,8778,厨用电器,烹饪电器-厨房卫生电器-厨用小家电-厨用电器综合,集成灶-洗碗机-油烟机-沁园净水器-开水器-抽油烟机-咖啡机-豆浆机-燃气灶-饮水机
6603,6669,43,243,10718,卫浴家电,热水器-卫浴小家电-取暖器-卫浴家电综合,空气能热水器-地暖-太阳能热水器-热水器-太阳能-地源热泵-剃须刀-电热水器-碳晶墙暖-空气能
6604,967,7,182,1447,健康电器,家用检测仪器-健康电器综合,血糖仪-血压计-电子血压计-血糖仪哪个牌子好-血压计什么牌子好-试纸多久能测出来-罗氏血糖仪-电子血压计什么牌子好-艾滋试纸-血糖仪什么牌子好
6605,1087,4,689,3113,生活小家电,生活小家电-生活小家电综合,除湿机-抽湿机-工业除湿机-除湿器-除湿机价格-家用除湿机-超声波加湿器-除湿机哪个牌子好-吸尘器什么牌子好-青岛除湿机
6701,5461,33,186,6310,学前教育,学前教育-学前教育综合,爱盟幼儿园-早教-早教中心-幼儿教育-幼儿早教-爱萌幼儿园-识字-爱盟幼儿园动画视频-爱盟幼儿园早教视频-爱盟早教幼儿园
6702,15835,120,287,35045,小初高教育,小初高辅导-高考辅导-艺考培训-小初高教育综合,学而思-家教-家教网-国际学校-新东方官网-一对一辅导-国际高中-西安补习学校-上海家教网-上海家教
6703,11483,220,291,64096,高教自考,成人自考-大专教育-本科教育-研究生教育-高教自考综合,在职研究生-成人高考-专升本-自考-自考本科-mba-在职研究生招生信息网-emba-成人教育-在职研究生报考条件
6704,8819,75,512,39357,留学,留学-留学综合,美国留学-留学-出国留学-英国留学-加拿大留学-留学中介-澳洲留学-澳大利亚留学-美国大学排名-出国留学的条件
6705,14811,171,317,55061,IT培训,办公软件培训-图形图像设计培训-网页设计培训-影视动漫培训-游戏开发培训-软件开发培训-网络技术培训-嵌入式培训-3G培训-手机开发培训-电脑维修培训-IT综合培训-IT认证考试培训-IT培训综合,北大青鸟-游戏-游戏大全-电脑-app开发-北京北大青鸟-打鱼游戏-ios培训-嵌入式培训-北大青鸟学费
6706,7736,133,466,63145,语言培训,英语培训-英语等级考试培训-出国英语培训-少儿英语-汉语培训-日韩语培训-小语种培训-语言培训综合,英语口语-英语学习网站-英语培训-英语学习-雅思-雅思培训-环球雅思-少儿英语-托福-日语学习
6707,41561,537,261,141059,职业培训,设计培训-服装设计培训-珠宝设计及鉴定培训-模具设计培训-外贸培训-金融培训-人力资源管理师培训-物流采购培训-心理咨询师培训-建筑工程类培训-旅游行业培训-速记与文秘培训-教师资格培训-公务员培训-司法考试培训-催眠培训-催乳师培训-医学培训-针灸按摩培训-DJ培训-餐饮培训-宠物培训-传媒培训-礼仪培训-婚礼主持培训-摄影培训-美容美发化妆培训-驾驶培训-可编程逻辑控制器培训-数控培训-电工培训-工程机械培训-汽车维修培训-家电数码维修培训-营销管理培训-银行培训-翻译培训-航空航海培训-消防类培训-物业管理培训-综合职业技术培训-职业培训综合,微信营销-一级建造师-二级建造师-化妆学校-人力资源管理师-会计从业资格考试-室内设计培训-小吃培训-汽修学校-室内设计
6708,8873,83,221,19204,文体培训,美术培训-音乐培训-舞蹈培训-茶艺培训-花艺培训-健身培训-体育培训-武术培训-棋牌培训-魔术培训-口才培训-潜能培训-文体培训综合,北京画室-竞彩足球-陈安之-武尊-瑜伽-军事夏令营-武术学校-足球竞彩-烤功夫-美术培训
6709,8644,31,336,10689,企业培训拓展,企业培训-拓展训练-企业培训拓展综合,拓展训练-pmp-清华总裁班-酒店管理-拓展培训-北大总裁班-清华大学总裁班-总裁班-企业管理培训-iso9000质量管理体系
6710,33,0,442,14,特殊人群教育,特殊人群教育-特殊人群教育综合,智障学校-北京智障学校-智障特殊教育学校-智障教育学校-湖南智障学校-湖南哪里有智障学校-哪里有智障学校-智障 学校-山东省智障学校-北京盲人按摩学校
6801,14482,36,423,15608,污染处理,环保厕所-垃圾处理-水污染处理-土壤污染处理-空气污染处理-噪音污染处理-消毒灭菌-环境评测-污染处理综合,空气净化器-垃圾处理器-垃圾桶-除甲醛-移动厕所-污水处理-甲醛检测-化粪池-加湿器-油烟净化器
6802,11693,45,293,13590,废旧回收,机械电子设备回收-化工废料回收-建筑废料回收-塑料橡胶回收-金属资源回收-纸品回收-纺织品与皮革回收-玩具回收-家具回收-电器回收-电脑数码回收-交通工具回收-贵金属珠宝回收-礼品回收-物资回收-拆除工程-废旧回收综合,电脑回收-黄金回收-废品回收-废铁回收-购物卡-废铜回收-空调回收-回收冬虫夏草-冬虫夏草回收-二手电脑回收
6803,3316,4,222,923,节能,水资源节能-电资源节能-石油天燃气资源节能-煤矿资源节能-余热余汽节能-节能解决方案服务-节能综合,节能灯-节电器-能源管理-合同能源管理-能源管理系统-电器商城-节能灶-节能改造-节能评估-冷凝水回收装置
6901,17227,217,234,51451,理财,股票-基金-外汇-期货-贵金属-综合理财-理财综合,现货白银-股票入门基础知识-外汇-白银投资-现货黄金-投资-黄金价格走势图-外汇交易-黄金价格-股票
6902,4739,268,252,68963,银行,银行卡产品-贷款服务-存款服务-理财产品-公积金提取-汇票交易-支票兑现-银行综合,贷款-信用卡申请-信用卡-小额贷款-理财-投资理财-个人贷款-理财产品-信用卡办理-分期付款
6903,4342,104,438,46853,保险,人身保险-财产保险-旅游保险-社会保险-商业医疗保险-保险补缴-车险-货运保险-海上保险-责任保险-信用保证保险-保险综合,车险-车险计算器-汽车保险-平安保险-车辆保险-车险哪家好-保险-太平洋保险-电话车险-交强险
6904,4249,31,282,9055,投资担保,股权融资-信用评级-信托-民间借贷-担保-投资担保综合,信托-信托产品-投资项目-担保公司-信托公司排名-小投资项目-投资公司-0投资网上赚钱-中融信托-红岭创投
6905,214,0,312,264,典当,典当-典当综合,典当行-典当-上海典当-当铺-华夏典当行-典当公司-北京市典当行-宝瑞通典当行-典当网-上海 典当
7001,22531,205,203,42155,礼品,鲜花礼品-商务礼品-烟酒礼品-奖牌奖杯礼品-礼品网站-工艺品-礼品综合,阳澄湖大闸蟹-鲜花网-鲜花-礼品卡-鲜花速递-锦绣大地-金鲨银鲨-送花-礼品-礼品公司
7101,42144,723,219,158094,旅游,北京旅游-广东旅游-广西旅游-贵州旅游-海南旅游-浙江旅游-河南旅游-江西旅游-江苏旅游-山西旅游-上海旅游-四川旅游-湖北旅游-陕西旅游-西藏旅游-福建旅游-云南旅游-湖南旅游-安徽旅游-辽宁旅游-重庆旅游-山东旅游-吉林旅游-青海旅游-宁夏旅游-甘肃旅游-河北旅游-新疆旅游-天津旅游-内蒙古旅游-黑龙江旅游-港澳台旅游-澳洲旅游-非洲旅游-美洲旅游-欧洲旅游-亚洲旅游-邮轮旅游-旅游网站-极地旅游-旅游综合,云南旅游-香港旅游-旅游网-马尔代夫-页游排行-旅行社-旅游-泰国旅游-韩国旅游-北京一日游
7102,12667,511,277,142142,宾馆酒店,旅馆-会馆-客栈-度假村-酒店-宾馆酒店综合,酒店预订-booking-酒店-订酒店-香港酒店预订-酒店预定-香港酒店-booking.com-艺龙网酒店预订-住宿
7103,6929,571,123,70899,交通票务,机票-火车票-汽车票-交通票务综合,机票-机票查询-飞机票-飞机票查询-机票预订-特价机票-去哪儿特价机票-飞机票网上订票官网-货到付款-订机票
7104,11235,243,107,26242,文体票务,演出票务-休闲票务-体育票务-会议展览票务-票务网站-文体票务综合,电影票团购-电影-团购电影票-横店影视城-万达影城-电影票-电影团购-北京欢乐谷-7d电影-外地牌照上海验车
7201,11969,324,152,49295,化妆品,彩妆品-香水-女士护肤品-男士化妆品-儿童化妆品-专用化妆品-美乳塑身用品-美容工具-综合化妆品-化妆品产销-化妆品综合,丰胸-丰胸秘籍-祛痘产品排行榜10强-米折网-香水-化妆品排行榜-乐蜂网-自然美化脂酵素效果怎么样-乐峰-国美
7202,8524,24,450,10866,美容,美容服务-美容美体仪器-美容综合,超级p57真的有用吗-瘦腿针-美容院-瓷肌真的有用吗-美容冠-美甲-美容-平衡车-懒人瘦身腰带-四快学习法有用吗
7301,6963,161,160,26084,母婴护理,婴儿食品-婴儿喂养用品-母婴洗护-纸尿裤-母婴服装-婴儿车床椅-孕妇保健品-婴儿纪念品-母婴用品商城-母婴护理服务-母婴护理综合,天猫商城-亚马逊商城-奶粉排行榜10强-母婴店加盟-月子中心-月子会所-孕妇护肤品-进口奶粉排行榜10强-美国月子中心-防辐射服哪个牌子好
7401,1636,3,108,377,兽医兽药,兽医兽药-兽医兽药综合,金球先生-禽流感-兽药-最高鸡密-如何预防春季流感-兽药批发-兽药厂家-壹药网-补肾壮阳药品-最好的男性壮阳药品
7402,1644,1,145,199,农药,除草剂-杀虫剂-杀菌剂-杀螨剂-杀鼠剂-植物生长调节剂-农药综合,杀菌剂-杀菌灭藻剂-杀虫剂-除草剂-生根粉-百草枯-草甘膦-防滑剂-根结线虫-植物生长调节剂
7403,2892,4,206,1052,化肥,氮磷钾肥料-复合复混肥-微量元素肥料-生物有机肥料-叶面肥冲施肥-腐植酸-专用肥-化肥添加剂-农资-化肥综合,车用尿素-有机肥-有机肥生产线-生物疗法-生物有机肥-有机肥生产设备-有机肥料-叶面肥-有机肥价格-复合肥
7404,12142,105,133,14364,养殖,家禽类-特禽类-畜类-兔类-犬类-昆虫类-水生类-皮毛类-经济药用动物-真菌养殖-实验室动物养殖-饲料及添加剂-发酵床-养殖辅具-养殖综合,土元养殖-土元-波尔山羊-小尾寒羊-肉牛-肉牛养殖-养殖土元-泥鳅养殖-养羊-泥鳅养殖技术
7405,9875,90,156,14817,种植,粮食作物-豆类作物-蔬菜类作物-水果类作物-根茎类作物-干果类作物-食用菌类-糖料与嗜好作物-纤维作物-药用作物-油料作物-种子秧苗-农业保水剂-种植辅具-种植综合,野燕麦-血钻野燕麦-小米-铁皮石斛-血钻野燕麦是真的吗-大麦网-小米3-沉香-火星时代-野燕麦的功效与作用
7406,18139,86,230,20888,园林景观,乔灌木-竹类植物-攀援植物-水生植物-棕榈类植物-花卉-草坪地被-仿真植物-栽培基质-水景喷泉-假山景石-园林设施-园林景观综合,七杀-铁皮枫斗-木屋-美国红枫-雕塑-银杏树-红豆杉-竹柳-草坪-国槐
7501,3337,8,163,1317,操作系统,Windows/dos-Unix/Linux-Mac-虚拟机系统-定制操作系统-操作系统综合,虚拟充值-vmware-1737-虚拟现实-虚拟机-微软-虚拟网店-虚拟化-虚拟桌面-linux操作系统
7502,3591,39,121,4452,中间件软件,架构软件-消息中间件-服务设施软件-中间件软件综合,微信下载-app-达内-云计算-itunes官方下载-安卓软件-四快学习法-app store-四快高效学习法-云计算是什么意思
7503,8969,264,71,17949,应用软件,网络通信软件-网络浏览工具-网络辅助软件-上传下载软件-管理优化软件-备份恢复软件-输入软件-多媒体软件-生活信息软件-地理信息软件-手机软件-应用软件综合,手机软件下载安卓-手机管家-快播5.0官方下载-安卓手机软件下载-浏览器-mp3-酷狗音乐-图片浏览器-数据恢复-手机浏览器
7504,3661,22,109,2337,杀毒软件,防火墙-杀毒软件-加密解密软件-杀毒软件综合,加密软件-安全卫士官方下载-安全卫士-上网行为管理-安全座椅-系统之家官网-加密狗-杀毒软件-卡巴斯基-安全管家
7505,2283,7,194,1334,监控安全软件,上网行为监控-舆情监控软件-监控定位软件-安全认证软件-监控安全软件综合,舆情监测-车牌识别-监控软件-局域网监控软件-定位软件-舆情监控-车牌识别系统-gps全球定位系统-网络监控软件-手机流量监控软件下载
7506,2208,5,236,1405,数据库软件,数据库-数据库软件综合,大数据-非农数据-数据分析-海关数据-hadoop-数据中心-数据库-大数据时代-oracle-美国非农数据
7507,13034,103,178,18339,企业软件,企业管理软件-企业办公软件-企业客服软件-工作流管理软件-企业软件综合,oa系统-视频会议系统-oa办公系统-oa-crm-erp系统-办公用品-管家婆-win7系统下载-erp
7508,9950,100,160,16220,行业专用软件,金融软件-经营软件-编程软件-工业设计软件-行业专用软件综合,安卓软件免费下载-xp系统下载-酒店团购-mt4-股票软件-大智慧软件官方免费下载-win7 64位旗舰版下载-模拟炒股-mt4平台下载-炒股软件
7509,3971,81,159,13407,支付结算软件,出纳结算软件-POS收银软件-支付结算软件综合,淘宝-捷易通-充值软件-自动充值软件-财务软件-手机pos机-pos机代理-第五代自动充值软件-第五代-银天下
7510,489,1,171,308,教学软件,教学辅助软件-外语学习软件-计算机学习软件-学前教育软件-远程教学软件-模拟学习软件-考试系统软件-教学软件综合,英语口语练习-英语口语练习软件-在线学习平台-课件制作-背单词软件-五笔打字练习软件-在线学习系统-背单词-单词记忆法-学习平台
7601,4373,44,627,28158,出国,出国产子-出国劳务-签证-移民-出国综合,移民-加拿大移民-美国移民-赴美生子-美国签证-美国生孩子-美国投资移民-移民加拿大-移民美国-投资移民
7602,12544,566,76,43182,招聘,猎头招聘-招聘信息服务-劳务派遣-招聘综合,招聘-招聘网-58同城网招聘-人才网-智联招聘-招聘信息-兼职-网络兼职-找工作网站-北京招聘
7603,1241,8,518,4273,翻译,笔译-口译-影音翻译-翻译综合,翻译公司-北京翻译公司-上海翻译公司-英语翻译-深圳翻译公司-同声传译-翻译公司报价-广州翻译公司-专业翻译-论文翻译
7604,8221,18,395,7557,设计,平面设计-包装设计-工业产品设计-珠宝设计-服饰设计-家具设计-摄影图片设计-企业形象设计-设计综合,logo设计-包装设计-工业设计-标志设计-画册设计-vi设计-商标设计-品牌设计-产品设计-宣传册设计
7605,23312,150,196,29518,广告,广告设计策划-广告用品-软文广告-平面广告-影视广告-广播广告-网络广告-直投广告-车身广告-航拍广告-楼宇小区广告-墙体广告-户外广告-广告综合,百度手机助手-黄色led-三面翻-广告机-网盘搜索引擎-发光字-网络推广-马尔代夫岛屿排名-企业宣传片-广告联盟
7606,18485,69,205,14405,公关策划,行业公关服务-专业公关服务-明星经纪公关服务-公关实务-信息收集服务-产品推介服务-媒介代理服务-产品市场营销策划-活动策划-电影策划-房地产策划-公关策划综合,营销策划公司-安卓市场下载-可行性研究报告-旅游规划-活动策划-营销策划-桁架-策划公司-抽奖活动-广交会
7607,11136,15,359,5793,咨询,管理咨询-工程咨询-技术咨询-咨询综合,咨询公司-展厅设计-管理咨询公司-商业计划书-管理咨询-it外包-展览公司-博物馆设计-上海家博会-上海展览公司
7608,2516,15,162,2674,拍卖,房地产拍卖-股权与资产拍卖-汽车拍卖-书画艺术品拍卖-专利拍卖-拍卖综合,拍卖公司-拍卖-房子抵押-汽车保价-北京典当行-拍卖网-瓷器鉴定-古董拍卖-北京拍卖公司-上海拍卖公司
7609,22681,111,460,52588,代理,进出口代理-商务类代理服务-知识产权代理服务-税务代理-代理综合,商标转让-商标注册-商标查询-注册公司-公司注册-中国商标网-商标注册查询-上海注册公司-注册香港公司-专利申请
7610,3379,21,267,5912,调查,民事调查-商务调查-短信通话查询-调查综合,上海讨账公司-定位找人-讨账公司-要账公司-北京调查公司-个人信用查询-侦探公司-找人-北京侦探公司-侦探私家
7611,7475,50,238,12084,法律服务,民事咨询-刑事辩护-劳动工伤-商业纠纷-涉外法务-公证与鉴定-法律服务综合,法律咨询-律师事务所-律师-离婚律师-北京律师-刑事律师-北京律师事务所-法律顾问-拆迁律师-古董鉴定
7612,4027,8,268,2141,会计审计,审计-验资-资产评估与清算-发票-会计审计综合,会计师事务所-资产评估-香港公司年审-遗失声明-高铁票查询-遗失声明登报-登报挂失-北京印花税-上海会计师事务所-验厂
7613,1932,55,121,6068,铃声短信,企业彩铃-个人彩铃-手机铃声-短信群发-铃声短信综合,短信平台-群发短信-微信下载2013正式版官方免费下载-群发短信平台-群发短信软件-一加手机-手机铃声-手机铃声免费下载-微信下载2014正式版官方免费下载-群发软件
7701,5651,18,823,15552,搬家,居民搬家-大件搬运-长途搬家-企业搬家-特殊物品搬运-搬家综合,搬家公司-北京搬家公司-上海搬家公司-搬家-南京搬家公司-北京搬家-广州搬家公司-深圳搬家公司-成都搬家公司-西安搬家公司
7702,14052,37,336,12654,家政,管家保姆-保洁-医疗陪护-老人护理-空气净化-设备清洗-家政综合,月嫂-保洁公司-养老院-家政公司-空调清洗-家政-中央空调清洗-北京养老院-家政服务-保姆
7703,9414,185,119,22171,征婚交友,征婚相亲-交友社区-征婚交友综合,找工作-同城交友-有缘网-交友-相亲网-聊天室-交友网站-交友网-免费寂寞交友聊天室-婚恋网
7704,8076,46,360,16758,仪式典礼,礼服婚纱-化妆造型-婚庆策划-殡仪用品-殡仪策划-庆典用品-仪式典礼综合,婚博会-上海婚博会-婚庆公司-婚博会上海-婚礼策划-婚庆-婚纱-北京婚博会-婚纱礼服-北京婚庆公司
7705,8858,92,536,50760,摄影,商业摄影-艺术摄影-婚纱摄影-庆典摄影-照片冲印-影棚-摄影综合,婚纱摄影-婚纱照-三亚婚纱摄影-上海婚纱摄影-北京婚纱摄影-厦门婚纱摄影-深圳婚纱摄影-婚纱摄影工作室-苏州婚纱摄影-青岛婚纱摄影
7706,5951,59,319,18986,汽车租赁,出租接送-自驾租车-商务用车-旅游用车-婚丧用车-汽车租赁综合,租车-租车网-北京租车-汽车租赁-成都租车-上海租车-深圳租车-广州租车-郑州租车-武汉租车
7707,4976,17,342,6427,家电维修,小家电维修-空调维修-冰箱维修-彩电音像维修-热水器维修-厨房家电维修-家电维修综合,空调维修-冰箱-空调加氟-热水器维修-南京空调维修-冰柜-空调加氟多少钱-洗衣机维修-中央空调维修-西安空调维修
7708,30617,88,280,24874,居民服务,美发洗浴-洗衣护理-生活配送-家具维修-修锁开锁-管道疏通-虫害防治-办证-刻章-居民服务综合,刻章-干洗店-干洗店利润-热玛吉一次多少钱-重庆时时彩-开锁-干洗店设备-干洗店成本-中国干洗店十大排名-管道疏通
7801,23805,181,146,27306,生活食材,粮油主食-调味调料-生鲜蔬菜-地方特产-熟食-水果-生活食材综合,大闸蟹-氨糖-红米-ios-进口食品-虾青素-黄焖鸡米饭-酵素-轰炸大鱿鱼-糯米网
7802,4089,59,179,10979,休闲零食,膨化食品-坚果炒货-肉制食品-蜜饯糖果-饼干糕点-方便食品-油炸食品-乳制食品-休闲零食综合,麻辣烫-蛋糕-满记甜品-甜品店-进口食品批发-良品铺子-零食店-食品批发-章鱼小丸子-月饼
7803,7584,64,168,11165,饮料,饮料饮品-饮料综合,冰淇淋-开奶茶店需要多少钱-奶茶店-奶茶-开个奶茶店要多少钱-冰激凌-布兰妮冰淇淋-coco奶茶-安妮公主冰淇淋-普洱茶
7804,7569,73,214,15619,保健食品,营养品-儿童保健-女性保健-男性保健-中老年保健-保健食品综合,红酒木瓜靓汤-冬虫夏草-玛卡的功效-胶原蛋白-羊胎素-纳豆激酶-灵芝孢子粉-玛咖的功效-红酒木瓜靓汤有用吗-红酒木瓜靓汤骗局
7805,7398,69,141,9880,烟酒,白酒-啤酒-红酒洋酒-烟-烟具-戒烟产品-烟酒综合,五粮液-泸州老窖-红酒-西凤酒-电子烟-牛栏山二锅头-红酒品牌-也买酒-购酒网-红酒网
7806,8799,188,108,20441,餐馆,火锅餐馆-中餐馆-东南亚日韩料理-西餐馆-自助餐馆-小吃店-食堂-餐馆综合,肯德基网上订餐-肯德基-必胜客-麦当劳网上订餐-kfc-kfc网上订餐-麦当劳-麻辣香锅-必胜客网上订餐官网-绝味鸭脖
7901,5520,504,88,44308,手机,手机-手机配件-手机综合,手机-烈焰-手机助手-微信-iphone5s-安卓市场-4g手机-红米手机-iphone6-智能手机
7902,4443,75,109,7878,数码产品,数码播放器-摄影摄像设备-电子辞典-学习机-数码产品配件-数码产品综合,视频播放器-莱卡相机-单反相机-数码相机-音乐播放器-酷狗音乐播放器-苹果4s报价-摄像机-徕卡m-徕卡
8001,6112,113,167,19145,通讯服务,固定通信服务-移动通信服务-互联网接入服务-通讯服务综合,400电话-400-400电话申请-400电话办理-手机号码-呼叫中心-电信-电信手机-中国电信-手机号
8002,14606,69,193,13532,通讯设备,固话单机-信号通信终端-移动通信终端-通信传输设备-通信交换设备-移动通信设备-广播电视设备-通讯设备综合,网络电话-视频会议-对讲机-电话会议-skype-暗黑之光-电话会议系统-电话交换机-手机信号屏蔽器-网络电话免费版
8101,12820,173,224,39841,网站建设,网站设计-网站制作-网站优化-网店建设-网站建设综合,网站建设-网站制作-网店怎么开-如何开网店-怎么开网店-怎么制作网站-开网店-网络营销-网站设计-网页设计
8102,4071,44,339,15248,域名空间,域名服务-网络空间-邮箱服务-域名空间综合,域名注册-企业邮箱-服务器租用-域名-虚拟主机-云主机-vps-域名查询-服务器托管-网易企业邮箱
8201,12490,300,1185,353351,男科,前列腺疾病-男科肿瘤-男科性功能障碍-男性生殖疾病-男科综合,早泄-包皮手术-男科医院-包皮过长-早泄的调理-前列腺炎症状-北京男科医院-割包皮-阳痿-包皮
8202,16143,575,847,472484,妇科,妇科疾病-妇科肿瘤-妇产科-计划生育-妇科整形-妇科综合,妇科医院-无痛人流-无痛人流多少钱-不孕不育医院-怀孕多久可以做人流-人流最佳时间-无痛人流价格-输卵管堵塞的症状-人流-宫颈糜烂
8203,19698,528,788,404380,美容整形,眼部整形-五官整形-颌面整形-毛发移植-胸部整形-减肥塑身-腿脚正畸整形-皮肤美容整形-纹身-美容整形综合,减肥-丰胸的最快方法-植发-减肥方法-瘦脸针-整形医院-双眼皮手术-割双眼皮-激光脱毛-隆鼻
8204,28902,1522,519,786427,专科医院,内科-外科-五官科-皮肤科-传染科-儿科-心理咨询-其他专科医院,强直性脊柱炎-痔疮的最佳治疗方法-痔疮-血管瘤-牙齿矫正-甲状腺结节-痔疮的症状-大便出血-大便出血是什么原因-腰椎间盘突出
8205,10976,30,575,17482,中医,中医治疗-中医减肥-中医肛肠治疗-中医胃肠治疗-其他中医机构,德胜门中医院-北京德胜门中医院-针灸减肥-第二医院-百岁灸-北京国济中医院-北京军颐中医医院-中医减肥-中医祛斑-北京德胜门中医院怎么样
8206,5022,22,339,7564,体检机构,体检中心-体检机构综合,亲子鉴定-致富项目-dna亲子鉴定-亲子鉴定需要多少钱-造影检查-体检-激素六项检查多少钱-激素六项检查-体检中心-优生优育检查项目
8207,3968,7,788,5605,综合医院,综合医院-三甲医院-其他综合医院,仁爱医院-上海武总医院-辽宁省总医院-上海市第九人民医院-第九人民医院-龙华人民医院-广州三甲医院-沙井人民医院-黑龙江武总医院-郑州华山医院
8208,8035,176,337,57432,药品,药品-减肥产品-增高产品-丰胸产品-药品综合,左旋肉碱-减肥产品-玛卡-玛咖-减肥药-丰胸产品哪个效果好-丰胸产品-减肥瘦身产品-网上药店-减肥产品排行榜
8209,19853,77,346,26905,医疗器械,病房设备-诊断器械-治疗器械-手术设备-康复器械-骨科器械-急救器械-助听器-康复护理用品-医用消毒器械-医疗器械综合,助听器-呼吸机-买卖宝-制氧机-腹腔镜手术-助听器价格-四维彩超多少钱-宫腔镜检查-生物治疗-宫腔镜手术
8301,1126,0,429,389,游戏开发,手机游戏开发-PC游戏开发-网页游戏开发-网游开发-游戏开发综合,棋牌游戏开发-微信开发-app开发公司-棋牌开发-棋牌游戏开发公司-棋牌游戏开发商-手机棋牌游戏开发-棋牌开发公司-android app开发-app 开发公司
8302,6235,818,253,207048,游戏运营,手机游戏-单机游戏-休闲游戏-竞技游戏-大型网游-网页游戏-游戏代理-游戏运营综合,网页游戏-网页游戏排行榜-网络游戏-街机三国-页游-网游排行榜-网页传奇-网页游戏排行榜2013前十名-网页游戏开服表-网络游戏排行榜2013前十名
8303,3803,256,241,62610,游戏周边,游戏论坛-游戏经营-游戏辅助-游戏对战平台-游戏周边综合,传奇-棋牌游戏-烈火战神-传奇客户端下载完整版-斗地主-热血传奇-456-棋牌游戏平台-斗破乾坤-棋牌游戏下载
8401,15178,112,228,26192,体育器械,高尔夫器材-乒乓球器材-羽毛球器材-保龄球器材-台球器材-网球器材-足球器材-篮球器材-排球器材-健身器材-田径器材-游泳器材-基础体育器材-冰上运动器材-水上运动器材-拳击器材-武术体操器材-垂钓器材-轮滑器材-马术器材-攀岩器材-运动护具-射击射箭器材-拓展训练器材-棋牌麻将-体育器械综合,棋牌-跑步机-健身器材-的棋牌游戏-塑胶跑道-按摩椅-台球桌-篮球架-娱乐平台-斗牛
8402,13010,78,204,16382,休闲活动,KTV-酒吧-游艺厅-按摩养生-拓展娱乐-运动场所-比赛及展览-休闲活动综合,淘气堡-汗蒸房-室内儿童乐园-电动独轮车-儿童乐园-游乐设备-城娱乐-北京按摩-人造草坪-儿童游乐设备
8403,4336,106,69,7206,运势测算,星座占卜-宗教用品-运势测算综合,公司起名-1.76-宝宝取名-宝宝起名-风水-宝宝起名大全-节奏大师-貔貅-起名-我本沉默
8404,4303,28,134,3839,宠物服务,宠物出售-宠物美容-宠物用品-宠物训练寄养-宠物医院-宠物服务综合,泰迪-宠物医院-泰迪犬-医疗器械-拉布拉多-口才训练-狗粮-哈士奇-边境牧羊犬-金毛犬
8405,6966,60,170,10368,玩具模型,益智玩具-模型玩具-毛绒玩具-电动玩具-民族传统玩具-少儿玩具-电玩游戏机-玩具模型综合,捕鱼-飞禽走兽-儿童乐园加盟-游戏机遥控器-黑脸娃娃-弹弓-游戏机-坦克世界-森林舞会-模型制作
8406,3564,29,217,6283,乐器,民族乐器-西洋乐器-乐器店-乐器综合,钢琴-二手钢琴-钢琴价格-珠江钢琴-雅马哈钢琴-古筝-琴行-北京钢琴-北京琴行-吉他
8501,3558,56,280,16222,服装饰品加盟,服装加盟-鞋帽加盟-箱包皮具加盟-饰品加盟-服装饰品加盟综合,内衣加盟-童装加盟-女装加盟-网店代理-饰品店加盟-品牌内衣加盟-饰品加盟-品牌女装加盟-服装加盟-内衣品牌加盟
8502,3121,28,364,10558,美容化妆加盟,化妆品加盟-美容美发加盟-减肥瘦身加盟-美容化妆加盟综合,美容院加盟-化妆品加盟-化妆品-化妆品代理-美甲加盟-美甲店加盟-化妆品加盟店-美容店加盟-美容加盟-化妆品品牌大全
8503,2942,11,231,2629,礼品加盟,礼品加盟-工艺品加盟-礼品加盟综合,白酒代理-加盟代理-代理加盟-招商代理-中低档白酒代理-积分兑换-葡萄酒代理-西凤酒代理-招代理商-冰晶画设备
8504,5752,144,371,55497,食品保健品加盟,食品加盟-保健品加盟-食品保健品加盟综合,奶茶店加盟-加盟-奶茶加盟-冰淇淋加盟-蛋糕店加盟-加盟店-甜品店加盟-绝味鸭脖加盟费多少-麻辣烫加盟-面包店加盟
8505,4118,22,312,7096,生活服务加盟,生活服务加盟-家用电器加盟-家庭日用品加盟-母婴用品加盟-药品加盟-成人用品加盟-电脑加盟-体育用品加盟-运动场所加盟-休闲娱乐加盟-手机数码加盟-生活服务加盟综合,孕婴店加盟-灯具批发-灯具批发市场-养生馆加盟-养生加盟-灯饰加盟-ktv加盟-母婴用品加盟-产后恢复加盟-灯具品牌排行
8506,4900,22,298,6916,教育培训加盟,早教机构加盟-家教辅导加盟-语言培训加盟-IT培训加盟-职业教育加盟-考试认证加盟-拓展机构加盟-办公文教加盟-教育培训加盟综合,夏令营-加盟连锁网-早教加盟-加盟连锁-幼儿园加盟-鲜芋仙加盟-儿童游乐园加盟-教育加盟-暑期夏令营-快递加盟
8507,4096,6,246,1696,机械电子建材加盟,机械加盟-电子加盟-建材加盟-机械电子建材加盟综合,木工机械-品牌代理-粉墙机-卫浴加盟-寻产品代理商-油漆代理-卫浴代理-物流加盟-生态门-木门加盟
8508,1273,2,310,885,汽车加盟,汽车销售加盟-汽车美容加盟-汽车维修加盟-汽车加盟综合,汽车美容加盟-汽车装饰加盟-汽车美容加盟店-汽车美容加盟店排名-汽车用品加盟-汽车连锁加盟-电动车招商-汽车加盟-汽车快修加盟-汽车用品加盟店
8509,317,0,825,651,旅游住宿加盟,旅游加盟-酒店加盟-旅游住宿加盟综合,酒店加盟-连锁酒店加盟-宾馆加盟-主题酒店加盟-酒店加盟排行榜-主题宾馆加盟-商务酒店加盟-酒店加盟网-酒店 加盟-连锁宾馆加盟
8510,1163,4,872,4024,干洗加盟,干洗店加盟-干洗加盟综合,干洗店加盟-洗衣店加盟-加盟干洗店-干洗加盟-干洗店加盟连锁-开个干洗店要多少钱-干洗连锁-加盟洗衣店-干洗加盟店-干洗连锁加盟
8511,8755,274,184,51813,综合招商,招商信息平台-创业致富项目加盟-综合招商,创业项目-创业网-创业-加盟网-致富网-商机网-加盟店排行榜-现在做什么生意赚钱-批发网-创业商机网
8514,494,1,116,206,养殖加盟,养殖加盟-养殖加盟综合,特种养殖-养殖大棚-农村养殖项目-土元养殖加盟-养殖项目-农村养殖致富项目-好的养殖项目-养殖肉狗-特种养殖项目-养殖好项目
